1;1;0
2;1;0
3;1;0
4;1;0
5;1;70
6;1;70
7;1;0
8;1;0
9;1;0
10;1;0
11;1;0
12;1;0
13;1;0
14;1;0
15;1;0
16;1;0
17;1;0
18;1;0
19;1;0
20;1;0
21;1;0
1;2;0
2;2;0
3;2;0
4;2;0
5;2;104
6;2;104
7;2;0
8;2;0
9;2;0
10;2;0
11;2;0
12;2;0
13;2;0
14;2;0
15;2;0
16;2;0
17;2;0
18;2;0
19;2;0
20;2;0
21;2;0
1;3;0
2;3;0
3;3;0
4;3;0
5;3;104
6;3;104
7;3;0
8;3;0
9;3;0
10;3;0
11;3;0
12;3;0
13;3;0
14;3;0
15;3;0
16;3;0
17;3;0
18;3;0
19;3;0
20;3;0
21;3;0
1;4;0
2;4;0
3;4;0
4;4;0
5;4;104
6;4;104
7;4;0
8;4;0
9;4;0
10;4;0
11;4;0
12;4;0
13;4;0
14;4;0
15;4;0
16;4;0
17;4;0
18;4;0
19;4;0
20;4;0
21;4;0
1;5;0
2;5;0
3;5;0
4;5;0
5;5;70
6;5;87
7;5;0
8;5;0
9;5;0
10;5;0
11;5;0
12;5;0
13;5;0
14;5;0
15;5;0
16;5;0
17;5;0
18;5;0
19;5;0
20;5;0
21;5;0
1;6;0
2;6;0
3;6;0
4;6;0
5;6;70
6;6;87
7;6;0
8;6;0
9;6;0
10;6;0
11;6;0
12;6;0
13;6;0
14;6;0
15;6;0
16;6;0
17;6;0
18;6;0
19;6;0
20;6;0
21;6;0
1;7;0
2;7;0
3;7;0
4;7;0
5;7;70
6;7;87
7;7;0
8;7;0
9;7;0
10;7;0
11;7;0
12;7;0
13;7;0
14;7;0
15;7;0
16;7;0
17;7;0
18;7;0
19;7;0
20;7;0
21;7;0
1;8;0
2;8;86
3;8;86
4;8;86
5;8;86
6;8;0
7;8;0
8;8;0
9;8;0
10;8;0
11;8;0
12;8;0
13;8;0
14;8;0
15;8;0
16;8;0
17;8;0
18;8;0
19;8;0
20;8;0
21;8;0
1;9;0
2;9;86
3;9;86
4;9;86
5;9;86
6;9;0
7;9;0
8;9;0
9;9;0
10;9;0
11;9;0
12;9;0
13;9;0
14;9;0
15;9;0
16;9;0
17;9;0
18;9;0
19;9;0
20;9;0
21;9;0
1;10;0
2;10;77
3;10;74
4;10;64
5;10;74
6;10;64
7;10;0
8;10;0
9;10;0
10;10;0
11;10;0
12;10;0
13;10;0
14;10;0
15;10;0
16;10;0
17;10;0
18;10;0
19;10;0
20;10;0
21;10;0
1;11;0
2;11;77
3;11;74
4;11;64
5;11;74
6;11;64
7;11;0
8;11;0
9;11;0
10;11;0
11;11;0
12;11;0
13;11;0
14;11;0
15;11;0
16;11;0
17;11;0
18;11;0
19;11;0
20;11;0
21;11;0
1;12;0
2;12;111
3;12;111
4;12;111
5;12;0
6;12;0
7;12;0
8;12;177
9;12;0
10;12;0
11;12;0
12;12;0
13;12;196
14;12;0
15;12;0
16;12;196
17;12;177
18;12;177
19;12;196
20;12;177
21;12;0
1;13;0
2;13;111
3;13;111
4;13;111
5;13;0
6;13;0
7;13;0
8;13;177
9;13;0
10;13;0
11;13;0
12;13;0
13;13;196
14;13;0
15;13;0
16;13;196
17;13;177
18;13;177
19;13;196
20;13;177
21;13;0
1;14;0
2;14;109
3;14;109
4;14;0
5;14;0
6;14;109
7;14;0
8;14;144
9;14;0
10;14;0
11;14;0
12;14;0
13;14;187
14;14;0
15;14;0
16;14;0
17;14;172
18;14;187
19;14;180
20;14;144
21;14;0
1;15;0
2;15;109
3;15;109
4;15;0
5;15;0
6;15;109
7;15;0
8;15;144
9;15;0
10;15;0
11;15;0
12;15;0
13;15;187
14;15;0
15;15;0
16;15;0
17;15;172
18;15;187
19;15;180
20;15;144
21;15;0
1;16;0
2;16;102
3;16;102
4;16;102
5;16;102
6;16;0
7;16;0
8;16;0
9;16;0
10;16;231
11;16;225
12;16;225
13;16;0
14;16;169
15;16;0
16;16;223
17;16;209
18;16;0
19;16;169
20;16;169
21;16;0
1;17;0
2;17;102
3;17;102
4;17;102
5;17;102
6;17;0
7;17;0
8;17;0
9;17;0
10;17;231
11;17;225
12;17;225
13;17;0
14;17;169
15;17;0
16;17;223
17;17;209
18;17;0
19;17;169
20;17;169
21;17;0
1;18;0
2;18;0
3;18;0
4;18;0
5;18;0
6;18;84
7;18;0
8;18;0
9;18;0
10;18;0
11;18;0
12;18;0
13;18;0
14;18;0
15;18;0
16;18;0
17;18;0
18;18;0
19;18;0
20;18;0
21;18;0
1;19;0
2;19;102
3;19;0
4;19;90
5;19;0
6;19;0
7;19;0
8;19;0
9;19;0
10;19;0
11;19;0
12;19;0
13;19;0
14;19;0
15;19;196
16;19;153
17;19;158
18;19;196
19;19;158
20;19;201
21;19;138
1;20;0
2;20;102
3;20;0
4;20;90
5;20;0
6;20;0
7;20;0
8;20;0
9;20;0
10;20;0
11;20;0
12;20;0
13;20;0
14;20;0
15;20;196
16;20;153
17;20;158
18;20;196
19;20;158
20;20;201
21;20;138
1;21;0
2;21;0
3;21;102
4;21;90
5;21;208
6;21;0
7;21;0
8;21;0
9;21;0
10;21;0
11;21;0
12;21;0
13;21;0
14;21;155
15;21;0
16;21;0
17;21;0
18;21;0
19;21;0
20;21;155
21;21;155
1;22;0
2;22;102
3;22;102
4;22;90
5;22;0
6;22;0
7;22;209
8;22;0
9;22;0
10;22;0
11;22;0
12;22;0
13;22;176
14;22;0
15;22;209
16;22;0
17;22;184
18;22;176
19;22;163
20;22;209
21;22;209
1;23;0
2;23;108
3;23;108
4;23;96
5;23;96
6;23;0
7;23;0
8;23;0
9;23;0
10;23;0
11;23;0
12;23;0
13;23;0
14;23;0
15;23;0
16;23;0
17;23;0
18;23;0
19;23;0
20;23;0
21;23;0
1;24;0
2;24;206
3;24;98
4;24;90
5;24;82
6;24;82
7;24;0
8;24;0
9;24;0
10;24;0
11;24;0
12;24;0
13;24;0
14;24;0
15;24;0
16;24;0
17;24;0
18;24;0
19;24;0
20;24;0
21;24;0
1;25;0
2;25;206
3;25;98
4;25;90
5;25;82
6;25;82
7;25;0
8;25;0
9;25;0
10;25;0
11;25;0
12;25;0
13;25;0
14;25;0
15;25;0
16;25;0
17;25;0
18;25;0
19;25;0
20;25;0
21;25;0
1;26;0
2;26;206
3;26;98
4;26;90
5;26;82
6;26;82
7;26;0
8;26;0
9;26;0
10;26;0
11;26;0
12;26;0
13;26;0
14;26;0
15;26;0
16;26;0
17;26;0
18;26;0
19;26;0
20;26;0
21;26;0
1;27;0
2;27;87
3;27;87
4;27;87
5;27;87
6;27;0
7;27;0
8;27;0
9;27;0
10;27;0
11;27;0
12;27;0
13;27;0
14;27;0
15;27;204
16;27;0
17;27;0
18;27;0
19;27;175
20;27;175
21;27;0
1;28;0
2;28;94
3;28;94
4;28;94
5;28;114
6;28;0
7;28;0
8;28;0
9;28;0
10;28;0
11;28;0
12;28;0
13;28;0
14;28;0
15;28;175
16;28;0
17;28;175
18;28;0
19;28;175
20;28;175
21;28;0
1;29;0
2;29;79
3;29;79
4;29;79
5;29;79
6;29;0
7;29;0
8;29;0
9;29;0
10;29;0
11;29;0
12;29;0
13;29;0
14;29;0
15;29;0
16;29;0
17;29;175
18;29;0
19;29;175
20;29;175
21;29;0
1;30;0
2;30;82
3;30;82
4;30;82
5;30;82
6;30;0
7;30;0
8;30;0
9;30;0
10;30;0
11;30;0
12;30;0
13;30;0
14;30;0
15;30;0
16;30;0
17;30;0
18;30;0
19;30;148
20;30;148
21;30;0
1;31;0
2;31;0
3;31;0
4;31;0
5;31;96
6;31;209
7;31;188
8;31;0
9;31;188
10;31;0
11;31;0
12;31;0
13;31;0
14;31;0
15;31;0
16;31;0
17;31;0
18;31;0
19;31;0
20;31;196
21;31;0
1;32;0
2;32;0
3;32;0
4;32;0
5;32;96
6;32;209
7;32;188
8;32;0
9;32;188
10;32;0
11;32;0
12;32;0
13;32;0
14;32;0
15;32;0
16;32;0
17;32;0
18;32;0
19;32;0
20;32;196
21;32;0
1;33;0
2;33;0
3;33;0
4;33;0
5;33;96
6;33;209
7;33;188
8;33;0
9;33;188
10;33;0
11;33;0
12;33;0
13;33;0
14;33;0
15;33;0
16;33;0
17;33;0
18;33;0
19;33;0
20;33;196
21;33;0
1;34;0
2;34;0
3;34;91
4;34;91
5;34;91
6;34;91
7;34;91
8;34;91
9;34;193
10;34;0
11;34;0
12;34;91
13;34;0
14;34;0
15;34;0
16;34;0
17;34;0
18;34;91
19;34;0
20;34;0
21;34;0
1;35;0
2;35;0
3;35;91
4;35;91
5;35;91
6;35;91
7;35;179
8;35;184
9;35;193
10;35;0
11;35;0
12;35;169
13;35;0
14;35;0
15;35;0
16;35;0
17;35;0
18;35;169
19;35;0
20;35;0
21;35;0
1;36;0
2;36;0
3;36;91
4;36;91
5;36;91
6;36;91
7;36;179
8;36;184
9;36;193
10;36;0
11;36;0
12;36;169
13;36;0
14;36;0
15;36;0
16;36;0
17;36;0
18;36;169
19;36;0
20;36;0
21;36;0
1;37;0
2;37;89
3;37;89
4;37;89
5;37;89
6;37;0
7;37;227
8;37;227
9;37;227
10;37;227
11;37;0
12;37;0
13;37;0
14;37;227
15;37;227
16;37;227
17;37;227
18;37;0
19;37;227
20;37;227
21;37;0
1;38;0
2;38;89
3;38;89
4;38;89
5;38;89
6;38;0
7;38;227
8;38;227
9;38;227
10;38;227
11;38;0
12;38;0
13;38;0
14;38;227
15;38;227
16;38;227
17;38;227
18;38;0
19;38;227
20;38;227
21;38;0
1;39;0
2;39;122
3;39;122
4;39;122
5;39;122
6;39;0
7;39;227
8;39;227
9;39;227
10;39;0
11;39;0
12;39;0
13;39;0
14;39;225
15;39;225
16;39;225
17;39;225
18;39;0
19;39;250
20;39;225
21;39;0
1;40;0
2;40;122
3;40;122
4;40;122
5;40;122
6;40;0
7;40;227
8;40;227
9;40;227
10;40;0
11;40;0
12;40;0
13;40;0
14;40;225
15;40;225
16;40;225
17;40;225
18;40;0
19;40;250
20;40;225
21;40;0
1;41;0
2;41;0
3;41;108
4;41;108
5;41;108
6;41;0
7;41;204
8;41;204
9;41;204
10;41;0
11;41;0
12;41;0
13;41;0
14;41;204
15;41;223
16;41;204
17;41;223
18;41;0
19;41;204
20;41;204
21;41;0
1;42;0
2;42;0
3;42;108
4;42;108
5;42;108
6;42;0
7;42;204
8;42;204
9;42;204
10;42;0
11;42;0
12;42;0
13;42;0
14;42;204
15;42;223
16;42;204
17;42;223
18;42;0
19;42;204
20;42;204
21;42;0
1;43;0
2;43;98
3;43;98
4;43;98
5;43;98
6;43;0
7;43;0
8;43;175
9;43;0
10;43;0
11;43;0
12;43;0
13;43;0
14;43;0
15;43;0
16;43;0
17;43;0
18;43;0
19;43;0
20;43;0
21;43;0
1;44;0
2;44;98
3;44;98
4;44;98
5;44;98
6;44;0
7;44;0
8;44;175
9;44;0
10;44;0
11;44;0
12;44;0
13;44;0
14;44;0
15;44;0
16;44;0
17;44;0
18;44;0
19;44;0
20;44;0
21;44;0
1;45;0
2;45;98
3;45;98
4;45;98
5;45;0
6;45;0
7;45;0
8;45;0
9;45;0
10;45;0
11;45;0
12;45;0
13;45;0
14;45;0
15;45;0
16;45;0
17;45;0
18;45;0
19;45;0
20;45;0
21;45;0
1;46;0
2;46;0
3;46;86
4;46;86
5;46;86
6;46;0
7;46;0
8;46;0
9;46;0
10;46;0
11;46;0
12;46;0
13;46;144
14;46;0
15;46;169
16;46;0
17;46;0
18;46;0
19;46;0
20;46;144
21;46;0
1;47;0
2;47;0
3;47;86
4;47;86
5;47;86
6;47;0
7;47;0
8;47;0
9;47;0
10;47;0
11;47;0
12;47;0
13;47;144
14;47;0
15;47;169
16;47;0
17;47;0
18;47;0
19;47;0
20;47;144
21;47;0
1;48;0
2;48;0
3;48;98
4;48;0
5;48;98
6;48;0
7;48;0
8;48;0
9;48;0
10;48;0
11;48;0
12;48;0
13;48;0
14;48;0
15;48;0
16;48;0
17;48;0
18;48;0
19;48;0
20;48;0
21;48;0
1;49;0
2;49;0
3;49;0
4;49;0
5;49;98
6;49;0
7;49;0
8;49;0
9;49;0
10;49;0
11;49;0
12;49;0
13;49;0
14;49;0
15;49;0
16;49;0
17;49;0
18;49;0
19;49;0
20;49;0
21;49;0
1;50;0
2;50;98
3;50;98
4;50;98
5;50;98
6;50;0
7;50;0
8;50;196
9;50;0
10;50;233
11;50;196
12;50;196
13;50;233
14;50;0
15;50;245
16;50;196
17;50;196
18;50;0
19;50;0
20;50;0
21;50;0
1;51;0
2;51;98
3;51;98
4;51;98
5;51;98
6;51;0
7;51;0
8;51;196
9;51;0
10;51;233
11;51;196
12;51;196
13;51;233
14;51;0
15;51;245
16;51;196
17;51;196
18;51;0
19;51;0
20;51;0
21;51;0
1;52;0
2;52;92
3;52;92
4;52;92
5;52;92
6;52;0
7;52;0
8;52;0
9;52;0
10;52;163
11;52;181
12;52;184
13;52;184
14;52;0
15;52;184
16;52;0
17;52;0
18;52;153
19;52;0
20;52;153
21;52;177
1;53;0
2;53;92
3;53;92
4;53;92
5;53;92
6;53;0
7;53;0
8;53;0
9;53;0
10;53;163
11;53;181
12;53;184
13;53;184
14;53;0
15;53;184
16;53;0
17;53;0
18;53;153
19;53;0
20;53;153
21;53;177
1;54;0
2;54;0
3;54;0
4;54;92
5;54;92
6;54;0
7;54;0
8;54;0
9;54;0
10;54;0
11;54;0
12;54;0
13;54;0
14;54;0
15;54;0
16;54;0
17;54;0
18;54;0
19;54;0
20;54;0
21;54;0
1;55;0
2;55;82
3;55;82
4;55;65
5;55;65
6;55;0
7;55;0
8;55;0
9;55;0
10;55;0
11;55;0
12;55;0
13;55;0
14;55;0
15;55;0
16;55;213
17;55;0
18;55;0
19;55;0
20;55;0
21;55;0
1;56;0
2;56;0
3;56;0
4;56;77
5;56;77
6;56;0
7;56;0
8;56;0
9;56;0
10;56;0
11;56;0
12;56;0
13;56;0
14;56;0
15;56;0
16;56;0
17;56;0
18;56;0
19;56;0
20;56;0
21;56;0
1;57;0
2;57;0
3;57;0
4;57;57
5;57;57
6;57;0
7;57;0
8;57;0
9;57;0
10;57;0
11;57;0
12;57;0
13;57;0
14;57;0
15;57;0
16;57;0
17;57;0
18;57;0
19;57;0
20;57;0
21;57;0
1;58;0
2;58;0
3;58;100
4;58;82
5;58;0
6;58;0
7;58;0
8;58;0
9;58;0
10;58;0
11;58;0
12;58;0
13;58;0
14;58;0
15;58;0
16;58;0
17;58;0
18;58;0
19;58;0
20;58;0
21;58;0
1;59;0
2;59;69
3;59;0
4;59;75
5;59;0
6;59;0
7;59;0
8;59;0
9;59;0
10;59;0
11;59;0
12;59;0
13;59;0
14;59;0
15;59;0
16;59;0
17;59;0
18;59;0
19;59;0
20;59;0
21;59;0
1;60;0
2;60;0
3;60;0
4;60;0
5;60;82
6;60;0
7;60;0
8;60;0
9;60;0
10;60;0
11;60;0
12;60;0
13;60;0
14;60;0
15;60;0
16;60;0
17;60;0
18;60;0
19;60;0
20;60;0
21;60;0
1;61;0
2;61;0
3;61;0
4;61;86
5;61;86
6;61;0
7;61;0
8;61;0
9;61;0
10;61;0
11;61;0
12;61;0
13;61;0
14;61;0
15;61;0
16;61;0
17;61;0
18;61;0
19;61;0
20;61;0
21;61;0
1;62;0
2;62;0
3;62;0
4;62;0
5;62;70
6;62;0
7;62;0
8;62;0
9;62;0
10;62;0
11;62;0
12;62;0
13;62;0
14;62;0
15;62;0
16;62;0
17;62;0
18;62;0
19;62;0
20;62;0
21;62;0
1;63;0
2;63;0
3;63;0
4;63;0
5;63;0
6;63;0
7;63;0
8;63;0
9;63;0
10;63;0
11;63;0
12;63;0
13;63;0
14;63;0
15;63;0
16;63;0
17;63;0
18;63;0
19;63;0
20;63;0
21;63;0
1;64;0
2;64;0
3;64;75
4;64;0
5;64;0
6;64;0
7;64;0
8;64;0
9;64;0
10;64;0
11;64;0
12;64;0
13;64;0
14;64;0
15;64;0
16;64;0
17;64;0
18;64;0
19;64;0
20;64;0
21;64;0
1;65;0
2;65;0
3;65;0
4;65;0
5;65;75
6;65;0
7;65;0
8;65;0
9;65;0
10;65;0
11;65;0
12;65;0
13;65;0
14;65;0
15;65;0
16;65;0
17;65;0
18;65;0
19;65;0
20;65;0
21;65;0
1;66;0
2;66;0
3;66;0
4;66;86
5;66;86
6;66;0
7;66;0
8;66;0
9;66;0
10;66;0
11;66;0
12;66;0
13;66;0
14;66;0
15;66;0
16;66;0
17;66;0
18;66;0
19;66;0
20;66;0
21;66;0
1;67;0
2;67;0
3;67;0
4;67;80
5;67;0
6;67;0
7;67;0
8;67;0
9;67;0
10;67;0
11;67;0
12;67;0
13;67;0
14;67;0
15;67;0
16;67;0
17;67;0
18;67;0
19;67;0
20;67;144
21;67;0
1;68;0
2;68;122
3;68;122
4;68;122
5;68;122
6;68;122
7;68;0
8;68;0
9;68;0
10;68;0
11;68;0
12;68;0
13;68;0
14;68;0
15;68;0
16;68;0
17;68;0
18;68;0
19;68;0
20;68;0
21;68;128
1;69;0
2;69;94
3;69;94
4;69;94
5;69;209
6;69;217
7;69;0
8;69;0
9;69;0
10;69;0
11;69;0
12;69;0
13;69;0
14;69;0
15;69;0
16;69;0
17;69;0
18;69;0
19;69;0
20;69;162
21;69;136
1;70;0
2;70;189
3;70;189
4;70;167
5;70;167
6;70;0
7;70;0
8;70;0
9;70;0
10;70;0
11;70;245
12;70;209
13;70;215
14;70;215
15;70;215
16;70;215
17;70;209
18;70;209
19;70;209
20;70;215
21;70;223
1;71;0
2;71;189
3;71;189
4;71;167
5;71;167
6;71;0
7;71;0
8;71;0
9;71;0
10;71;0
11;71;245
12;71;209
13;71;215
14;71;215
15;71;215
16;71;215
17;71;209
18;71;209
19;71;209
20;71;215
21;71;223
1;72;0
2;72;181
3;72;131
4;72;160
5;72;160
6;72;0
7;72;0
8;72;0
9;72;0
10;72;188
11;72;204
12;72;188
13;72;188
14;72;213
15;72;223
16;72;188
17;72;188
18;72;188
19;72;188
20;72;213
21;72;188
1;73;0
2;73;181
3;73;131
4;73;160
5;73;160
6;73;0
7;73;0
8;73;0
9;73;0
10;73;188
11;73;204
12;73;188
13;73;188
14;73;213
15;73;223
16;73;188
17;73;188
18;73;188
19;73;188
20;73;213
21;73;188
1;74;0
2;74;0
3;74;0
4;74;0
5;74;93
6;74;93
7;74;0
8;74;188
9;74;0
10;74;0
11;74;233
12;74;215
13;74;0
14;74;223
15;74;229
16;74;233
17;74;219
18;74;0
19;74;233
20;74;223
21;74;0
1;75;0
2;75;0
3;75;0
4;75;0
5;75;93
6;75;93
7;75;0
8;75;188
9;75;0
10;75;0
11;75;233
12;75;215
13;75;0
14;75;223
15;75;229
16;75;233
17;75;219
18;75;0
19;75;233
20;75;223
21;75;0
1;76;0
2;76;0
3;76;60
4;76;60
5;76;60
6;76;60
7;76;0
8;76;0
9;76;0
10;76;0
11;76;0
12;76;0
13;76;0
14;76;0
15;76;0
16;76;0
17;76;0
18;76;0
19;76;0
20;76;0
21;76;0
1;77;0
2;77;0
3;77;0
4;77;0
5;77;0
6;77;100
7;77;0
8;77;0
9;77;0
10;77;0
11;77;0
12;77;0
13;77;0
14;77;0
15;77;0
16;77;0
17;77;0
18;77;0
19;77;0
20;77;0
21;77;0
1;78;0
2;78;100
3;78;100
4;78;100
5;78;100
6;78;0
7;78;0
8;78;0
9;78;0
10;78;0
11;78;0
12;78;0
13;78;0
14;78;0
15;78;0
16;78;0
17;78;0
18;78;0
19;78;0
20;78;0
21;78;0
1;79;0
2;79;68
3;79;68
4;79;68
5;79;68
6;79;0
7;79;0
8;79;0
9;79;0
10;79;0
11;79;0
12;79;0
13;79;0
14;79;0
15;79;0
16;79;0
17;79;0
18;79;0
19;79;0
20;79;0
21;79;0
1;80;0
2;80;92
3;80;92
4;80;92
5;80;92
6;80;92
7;80;0
8;80;201
9;80;0
10;80;201
11;80;219
12;80;201
13;80;201
14;80;0
15;80;201
16;80;227
17;80;201
18;80;201
19;80;225
20;80;201
21;80;0
1;81;0
2;81;0
3;81;0
4;81;0
5;81;0
6;81;206
7;81;0
8;81;0
9;81;0
10;81;0
11;81;0
12;81;0
13;81;0
14;81;0
15;81;0
16;81;0
17;81;0
18;81;0
19;81;0
20;81;0
21;81;0
1;82;0
2;82;0
3;82;0
4;82;0
5;82;0
6;82;84
7;82;0
8;82;0
9;82;0
10;82;0
11;82;0
12;82;0
13;82;0
14;82;0
15;82;0
16;82;0
17;82;0
18;82;0
19;82;0
20;82;0
21;82;0
1;83;0
2;83;0
3;83;0
4;83;0
5;83;0
6;83;94
7;83;0
8;83;0
9;83;0
10;83;0
11;83;0
12;83;0
13;83;0
14;83;0
15;83;0
16;83;0
17;83;0
18;83;0
19;83;0
20;83;0
21;83;0
1;84;0
2;84;0
3;84;0
4;84;0
5;84;0
6;84;126
7;84;204
8;84;0
9;84;0
10;84;0
11;84;0
12;84;0
13;84;0
14;84;0
15;84;0
16;84;0
17;84;0
18;84;0
19;84;0
20;84;0
21;84;0
1;85;0
2;85;0
3;85;0
4;85;0
5;85;0
6;85;0
7;85;0
8;85;213
9;85;0
10;85;0
11;85;0
12;85;0
13;85;0
14;85;0
15;85;0
16;85;0
17;85;0
18;85;0
19;85;0
20;85;213
21;85;0
1;86;0
2;86;0
3;86;0
4;86;0
5;86;117
6;86;0
7;86;0
8;86;0
9;86;0
10;86;0
11;86;0
12;86;0
13;86;0
14;86;0
15;86;0
16;86;0
17;86;0
18;86;0
19;86;0
20;86;0
21;86;0
1;87;0
2;87;0
3;87;0
4;87;0
5;87;0
6;87;75
7;87;0
8;87;0
9;87;0
10;87;0
11;87;0
12;87;0
13;87;0
14;87;0
15;87;0
16;87;0
17;87;0
18;87;0
19;87;0
20;87;0
21;87;0
1;88;0
2;88;0
3;88;0
4;88;0
5;88;0
6;88;0
7;88;0
8;88;207
9;88;150
10;88;0
11;88;0
12;88;0
13;88;0
14;88;0
15;88;0
16;88;0
17;88;0
18;88;0
19;88;0
20;88;188
21;88;0
1;89;0
2;89;0
3;89;0
4;89;91
5;89;91
6;89;0
7;89;233
8;89;215
9;89;223
10;89;0
11;89;0
12;89;0
13;89;0
14;89;0
15;89;0
16;89;0
17;89;0
18;89;0
19;89;0
20;89;0
21;89;0
1;90;0
2;90;132
3;90;132
4;90;117
5;90;0
6;90;0
7;90;0
8;90;213
9;90;213
10;90;229
11;90;207
12;90;188
13;90;188
14;90;223
15;90;213
16;90;223
17;90;223
18;90;223
19;90;233
20;90;223
21;90;0
1;91;0
2;91;0
3;91;100
4;91;100
5;91;100
6;91;0
7;91;0
8;91;0
9;91;0
10;91;0
11;91;0
12;91;0
13;91;213
14;91;233
15;91;0
16;91;213
17;91;213
18;91;0
19;91;0
20;91;0
21;91;0
1;92;0
2;92;0
3;92;73
4;92;73
5;92;73
6;92;0
7;92;0
8;92;0
9;92;0
10;92;0
11;92;0
12;92;204
13;92;0
14;92;0
15;92;204
16;92;204
17;92;199
18;92;0
19;92;0
20;92;0
21;92;0
1;93;0
2;93;64
3;93;64
4;93;64
5;93;64
6;93;0
7;93;0
8;93;0
9;93;0
10;93;0
11;93;0
12;93;0
13;93;0
14;93;0
15;93;0
16;93;0
17;93;0
18;93;0
19;93;0
20;93;0
21;93;0
1;94;0
2;94;80
3;94;0
4;94;0
5;94;80
6;94;0
7;94;0
8;94;0
9;94;0
10;94;0
11;94;0
12;94;0
13;94;0
14;94;0
15;94;0
16;94;0
17;94;0
18;94;0
19;94;0
20;94;0
21;94;0
1;95;0
2;95;0
3;95;0
4;95;0
5;95;51
6;95;63
7;95;0
8;95;0
9;95;0
10;95;0
11;95;0
12;95;0
13;95;0
14;95;0
15;95;0
16;95;0
17;95;0
18;95;0
19;95;0
20;95;0
21;95;0
1;96;0
2;96;0
3;96;0
4;96;0
5;96;64
6;96;69
7;96;0
8;96;0
9;96;0
10;96;0
11;96;0
12;96;0
13;96;0
14;96;0
15;96;0
16;96;0
17;96;0
18;96;0
19;96;0
20;96;0
21;96;0
1;97;0
2;97;0
3;97;0
4;97;0
5;97;0
6;97;75
7;97;0
8;97;0
9;97;0
10;97;0
11;97;0
12;97;0
13;97;0
14;97;0
15;97;0
16;97;0
17;97;0
18;97;0
19;97;0
20;97;0
21;97;0
1;98;0
2;98;0
3;98;0
4;98;0
5;98;75
6;98;0
7;98;0
8;98;0
9;98;0
10;98;0
11;98;0
12;98;0
13;98;0
14;98;0
15;98;0
16;98;0
17;98;0
18;98;0
19;98;0
20;98;0
21;98;0
1;99;0
2;99;0
3;99;0
4;99;73
5;99;0
6;99;0
7;99;240
8;99;227
9;99;233
10;99;0
11;99;207
12;99;207
13;99;207
14;99;245
15;99;245
16;99;233
17;99;233
18;99;0
19;99;233
20;99;0
21;99;0
1;100;0
2;100;0
3;100;0
4;100;0
5;100;0
6;100;68
7;100;0
8;100;0
9;100;0
10;100;0
11;100;0
12;100;0
13;100;0
14;100;0
15;100;0
16;100;0
17;100;0
18;100;0
19;100;0
20;100;0
21;100;0
1;101;0
2;101;0
3;101;0
4;101;0
5;101;0
6;101;91
7;101;0
8;101;0
9;101;0
10;101;0
11;101;0
12;101;0
13;101;0
14;101;0
15;101;0
16;101;0
17;101;0
18;101;0
19;101;0
20;101;0
21;101;0
1;102;0
2;102;0
3;102;0
4;102;0
5;102;77
6;102;0
7;102;0
8;102;0
9;102;0
10;102;0
11;102;0
12;102;0
13;102;0
14;102;0
15;102;0
16;102;0
17;102;0
18;102;0
19;102;0
20;102;0
21;102;0
1;103;0
2;103;0
3;103;0
4;103;0
5;103;77
6;103;0
7;103;0
8;103;0
9;103;0
10;103;0
11;103;0
12;103;0
13;103;0
14;103;0
15;103;0
16;103;0
17;103;0
18;103;0
19;103;0
20;103;0
21;103;0
1;104;0
2;104;0
3;104;92
4;104;0
5;104;77
6;104;0
7;104;0
8;104;0
9;104;0
10;104;0
11;104;0
12;104;0
13;104;0
14;104;0
15;104;0
16;104;0
17;104;0
18;104;0
19;104;0
20;104;0
21;104;0
1;105;0
2;105;0
3;105;0
4;105;0
5;105;89
6;105;0
7;105;0
8;105;0
9;105;0
10;105;0
11;105;0
12;105;0
13;105;0
14;105;0
15;105;0
16;105;0
17;105;0
18;105;0
19;105;0
20;105;0
21;105;0
1;106;0
2;106;0
3;106;0
4;106;0
5;106;85
6;106;0
7;106;0
8;106;0
9;106;0
10;106;0
11;106;0
12;106;0
13;106;0
14;106;0
15;106;0
16;106;0
17;106;0
18;106;0
19;106;0
20;106;0
21;106;0
1;107;0
2;107;94
3;107;0
4;107;0
5;107;85
6;107;0
7;107;0
8;107;0
9;107;0
10;107;0
11;107;0
12;107;0
13;107;0
14;107;0
15;107;0
16;107;0
17;107;0
18;107;0
19;107;0
20;107;0
21;107;0
1;108;0
2;108;0
3;108;0
4;108;0
5;108;83
6;108;0
7;108;0
8;108;0
9;108;0
10;108;0
11;108;0
12;108;0
13;108;0
14;108;0
15;108;0
16;108;0
17;108;0
18;108;0
19;108;0
20;108;0
21;108;0
1;109;0
2;109;0
3;109;0
4;109;0
5;109;78
6;109;0
7;109;0
8;109;0
9;109;0
10;109;0
11;109;0
12;109;0
13;109;0
14;109;0
15;109;0
16;109;0
17;109;0
18;109;0
19;109;0
20;109;0
21;109;0
1;110;0
2;110;0
3;110;0
4;110;0
5;110;78
6;110;0
7;110;0
8;110;0
9;110;0
10;110;0
11;110;0
12;110;0
13;110;0
14;110;0
15;110;0
16;110;0
17;110;0
18;110;0
19;110;0
20;110;0
21;110;0
1;111;0
2;111;0
3;111;83
4;111;0
5;111;83
6;111;0
7;111;0
8;111;0
9;111;0
10;111;0
11;111;0
12;111;0
13;111;0
14;111;0
15;111;0
16;111;0
17;111;0
18;111;0
19;111;0
20;111;0
21;111;0
1;112;0
2;112;0
3;112;83
4;112;83
5;112;0
6;112;0
7;112;0
8;112;0
9;112;0
10;112;0
11;112;0
12;112;0
13;112;0
14;112;0
15;112;0
16;112;0
17;112;0
18;112;0
19;112;0
20;112;0
21;112;0
1;113;0
2;113;83
3;113;83
4;113;0
5;113;83
6;113;0
7;113;0
8;113;0
9;113;0
10;113;0
11;113;0
12;113;206
13;113;0
14;113;0
15;113;206
16;113;206
17;113;0
18;113;0
19;113;0
20;113;0
21;113;0
1;114;0
2;114;204
3;114;0
4;114;204
5;114;83
6;114;0
7;114;0
8;114;0
9;114;0
10;114;0
11;114;0
12;114;204
13;114;0
14;114;0
15;114;0
16;114;0
17;114;0
18;114;0
19;114;0
20;114;0
21;114;0
1;115;0
2;115;78
3;115;78
4;115;0
5;115;78
6;115;0
7;115;0
8;115;0
9;115;0
10;115;0
11;115;0
12;115;0
13;115;0
14;115;0
15;115;0
16;115;0
17;115;0
18;115;0
19;115;0
20;115;0
21;115;0
1;116;0
2;116;64
3;116;0
4;116;0
5;116;75
6;116;0
7;116;0
8;116;0
9;116;0
10;116;0
11;116;0
12;116;0
13;116;0
14;116;0
15;116;0
16;116;0
17;116;0
18;116;0
19;116;0
20;116;0
21;116;0
1;117;0
2;117;0
3;117;0
4;117;0
5;117;89
6;117;0
7;117;0
8;117;0
9;117;0
10;117;0
11;117;0
12;117;0
13;117;0
14;117;0
15;117;0
16;117;0
17;117;0
18;117;0
19;117;0
20;117;0
21;117;0
1;118;0
2;118;94
3;118;94
4;118;94
5;118;94
6;118;0
7;118;0
8;118;0
9;118;0
10;118;169
11;118;169
12;118;0
13;118;169
14;118;204
15;118;153
16;118;153
17;118;0
18;118;0
19;118;169
20;118;204
21;118;94
1;119;0
2;119;84
3;119;84
4;119;84
5;119;84
6;119;78
7;119;0
8;119;0
9;119;0
10;119;0
11;119;0
12;119;0
13;119;0
14;119;0
15;119;0
16;119;0
17;119;0
18;119;0
19;119;0
20;119;0
21;119;0
1;120;0
2;120;67
3;120;67
4;120;67
5;120;67
6;120;0
7;120;0
8;120;0
9;120;0
10;120;0
11;120;0
12;120;0
13;120;0
14;120;0
15;120;0
16;120;0
17;120;0
18;120;0
19;120;0
20;120;0
21;120;0
1;121;0
2;121;92
3;121;92
4;121;92
5;121;92
6;121;0
7;121;0
8;121;0
9;121;0
10;121;0
11;121;0
12;121;0
13;121;0
14;121;0
15;121;0
16;121;0
17;121;0
18;121;0
19;121;0
20;121;0
21;121;0
1;122;0
2;122;0
3;122;0
4;122;38
5;122;38
6;122;46
7;122;0
8;122;0
9;122;0
10;122;0
11;122;0
12;122;0
13;122;0
14;122;0
15;122;0
16;122;0
17;122;0
18;122;0
19;122;0
20;122;0
21;122;0
1;123;0
2;123;0
3;123;0
4;123;117
5;123;117
6;123;0
7;123;219
8;123;219
9;123;219
10;123;219
11;123;219
12;123;219
13;123;219
14;123;219
15;123;219
16;123;219
17;123;219
18;123;219
19;123;211
20;123;213
21;123;0
1;124;0
2;124;132
3;124;132
4;124;117
5;124;117
6;124;0
7;124;213
8;124;213
9;124;213
10;124;207
11;124;207
12;124;207
13;124;207
14;124;213
15;124;213
16;124;202
17;124;213
18;124;213
19;124;213
20;124;213
21;124;0
1;125;0
2;125;153
3;125;0
4;125;0
5;125;0
6;125;126
7;125;202
8;125;202
9;125;202
10;125;202
11;125;0
12;125;202
13;125;202
14;125;0
15;125;202
16;125;202
17;125;202
18;125;202
19;125;202
20;125;202
21;125;0
1;126;0
2;126;0
3;126;0
4;126;0
5;126;0
6;126;126
7;126;217
8;126;206
9;126;206
10;126;202
11;126;0
12;126;0
13;126;0
14;126;202
15;126;202
16;126;202
17;126;202
18;126;202
19;126;206
20;126;206
21;126;0
1;127;0
2;127;0
3;127;0
4;127;0
5;127;0
6;127;0
7;127;207
8;127;0
9;127;207
10;127;169
11;127;207
12;127;207
13;127;207
14;127;0
15;127;207
16;127;207
17;127;0
18;127;207
19;127;207
20;127;207
21;127;207
1;128;0
2;128;82
3;128;82
4;128;82
5;128;82
6;128;0
7;128;0
8;128;0
9;128;0
10;128;0
11;128;0
12;128;153
13;128;0
14;128;153
15;128;153
16;128;0
17;128;153
18;128;153
19;128;153
20;128;153
21;128;0
1;129;0
2;129;153
3;129;0
4;129;0
5;129;132
6;129;0
7;129;204
8;129;204
9;129;204
10;129;196
11;129;204
12;129;204
13;129;188
14;129;209
15;129;209
16;129;209
17;129;209
18;129;209
19;129;209
20;129;209
21;129;209
1;130;0
2;130;0
3;130;175
4;130;0
5;130;0
6;130;0
7;130;0
8;130;0
9;130;0
10;130;197
11;130;223
12;130;197
13;130;0
14;130;197
15;130;197
16;130;197
17;130;197
18;130;223
19;130;197
20;130;188
21;130;197
1;131;0
2;131;0
3;131;0
4;131;148
5;131;0
6;131;0
7;131;0
8;131;196
9;131;0
10;131;204
11;131;202
12;131;223
13;131;213
14;131;223
15;131;219
16;131;181
17;131;223
18;131;219
19;131;196
20;131;213
21;131;138
1;132;0
2;132;0
3;132;0
4;132;0
5;132;69
6;132;82
7;132;0
8;132;0
9;132;0
10;132;0
11;132;0
12;132;0
13;132;0
14;132;0
15;132;0
16;132;0
17;132;0
18;132;0
19;132;0
20;132;0
21;132;0
1;133;0
2;133;0
3;133;0
4;133;0
5;133;69
6;133;82
7;133;0
8;133;0
9;133;0
10;133;0
11;133;0
12;133;0
13;133;0
14;133;0
15;133;0
16;133;0
17;133;0
18;133;0
19;133;0
20;133;0
21;133;0
1;134;0
2;134;0
3;134;71
4;134;0
5;134;71
6;134;71
7;134;0
8;134;0
9;134;0
10;134;0
11;134;0
12;134;0
13;134;0
14;134;0
15;134;0
16;134;0
17;134;0
18;134;0
19;134;0
20;134;0
21;134;0
1;135;0
2;135;0
3;135;71
4;135;0
5;135;71
6;135;71
7;135;0
8;135;0
9;135;0
10;135;0
11;135;0
12;135;0
13;135;0
14;135;0
15;135;0
16;135;0
17;135;0
18;135;0
19;135;0
20;135;0
21;135;0
1;136;0
2;136;92
3;136;92
4;136;92
5;136;92
6;136;0
7;136;0
8;136;0
9;136;0
10;136;0
11;136;0
12;136;0
13;136;0
14;136;0
15;136;0
16;136;0
17;136;0
18;136;0
19;136;0
20;136;0
21;136;0
1;137;0
2;137;0
3;137;0
4;137;106
5;137;106
6;137;106
7;137;204
8;137;204
9;137;185
10;137;0
11;137;0
12;137;188
13;137;196
14;137;0
15;137;229
16;137;0
17;137;0
18;137;0
19;137;229
20;137;0
21;137;119
1;138;0
2;138;0
3;138;70
4;138;70
5;138;0
6;138;0
7;138;245
8;138;223
9;138;223
10;138;227
11;138;245
12;138;227
13;138;227
14;138;227
15;138;227
16;138;240
17;138;227
18;138;227
19;138;255
20;138;227
21;138;0
1;139;0
2;139;102
3;139;80
4;139;102
5;139;102
6;139;0
7;139;0
8;139;0
9;139;0
10;139;0
11;139;0
12;139;0
13;139;0
14;139;0
15;139;0
16;139;0
17;139;0
18;139;0
19;139;0
20;139;0
21;139;0
1;140;0
2;140;100
3;140;83
4;140;83
5;140;111
6;140;111
7;140;0
8;140;0
9;140;0
10;140;0
11;140;0
12;140;0
13;140;0
14;140;0
15;140;0
16;140;0
17;140;0
18;140;0
19;140;0
20;140;0
21;140;0
1;141;0
2;141;0
3;141;0
4;141;0
5;141;83
6;141;0
7;141;204
8;141;204
9;141;204
10;141;0
11;141;0
12;141;0
13;141;0
14;141;0
15;141;0
16;141;196
17;141;0
18;141;0
19;141;196
20;141;196
21;141;0
1;142;0
2;142;0
3;142;0
4;142;75
5;142;75
6;142;129
7;142;0
8;142;0
9;142;0
10;142;0
11;142;0
12;142;0
13;142;0
14;142;0
15;142;0
16;142;0
17;142;0
18;142;0
19;142;0
20;142;0
21;142;0
1;143;0
2;143;0
3;143;79
4;143;0
5;143;79
6;143;119
7;143;0
8;143;0
9;143;0
10;143;0
11;143;0
12;143;0
13;143;0
14;143;0
15;143;0
16;143;0
17;143;0
18;143;0
19;143;0
20;143;0
21;143;0
1;144;0
2;144;83
3;144;83
4;144;83
5;144;0
6;144;83
7;144;0
8;144;0
9;144;0
10;144;0
11;144;0
12;144;188
13;144;188
14;144;188
15;144;188
16;144;0
17;144;188
18;144;0
19;144;188
20;144;188
21;144;179
1;145;0
2;145;0
3;145;0
4;145;0
5;145;88
6;145;136
7;145;0
8;145;0
9;145;0
10;145;0
11;145;0
12;145;0
13;145;0
14;145;0
15;145;0
16;145;0
17;145;0
18;145;0
19;145;0
20;145;0
21;145;0
1;146;0
2;146;0
3;146;91
4;146;91
5;146;0
6;146;206
7;146;0
8;146;0
9;146;0
10;146;0
11;146;0
12;146;0
13;146;0
14;146;0
15;146;0
16;146;0
17;146;0
18;146;0
19;146;0
20;146;0
21;146;0
1;147;0
2;147;0
3;147;0
4;147;78
5;147;0
6;147;0
7;147;175
8;147;213
9;147;175
10;147;202
11;147;202
12;147;202
13;147;202
14;147;202
15;147;202
16;147;202
17;147;202
18;147;199
19;147;202
20;147;202
21;147;0
1;148;0
2;148;0
3;148;78
4;148;78
5;148;0
6;148;0
7;148;202
8;148;196
9;148;202
10;148;202
11;148;202
12;148;202
13;148;202
14;148;202
15;148;202
16;148;202
17;148;202
18;148;202
19;148;202
20;148;202
21;148;0
1;149;0
2;149;92
3;149;92
4;149;92
5;149;0
6;149;92
7;149;0
8;149;0
9;149;0
10;149;0
11;149;0
12;149;0
13;149;0
14;149;0
15;149;0
16;149;0
17;149;0
18;149;0
19;149;0
20;149;0
21;149;0
1;150;0
2;150;0
3;150;0
4;150;103
5;150;103
6;150;0
7;150;219
8;150;153
9;150;204
10;150;0
11;150;0
12;150;0
13;150;175
14;150;153
15;150;153
16;150;175
17;150;0
18;150;0
19;150;0
20;150;153
21;150;0
1;151;0
2;151;0
3;151;153
4;151;103
5;151;103
6;151;0
7;151;201
8;151;153
9;151;201
10;151;0
11;151;0
12;151;0
13;151;148
14;151;0
15;151;148
16;151;0
17;151;148
18;151;0
19;151;0
20;151;213
21;151;0
1;152;0
2;152;0
3;152;0
4;152;0
5;152;0
6;152;0
7;152;0
8;152;0
9;152;0
10;152;0
11;152;188
12;152;188
13;152;188
14;152;188
15;152;176
16;152;188
17;152;0
18;152;0
19;152;0
20;152;169
21;152;153
1;153;0
2;153;122
3;153;122
4;153;108
5;153;108
6;153;0
7;153;0
8;153;0
9;153;0
10;153;0
11;153;0
12;153;0
13;153;0
14;153;0
15;153;0
16;153;0
17;153;0
18;153;0
19;153;0
20;153;0
21;153;0
1;154;0
2;154;122
3;154;122
4;154;108
5;154;108
6;154;0
7;154;0
8;154;0
9;154;0
10;154;0
11;154;0
12;154;0
13;154;0
14;154;0
15;154;0
16;154;0
17;154;0
18;154;0
19;154;0
20;154;0
21;154;0
1;155;0
2;155;129
3;155;0
4;155;0
5;155;0
6;155;0
7;155;219
8;155;219
9;155;187
10;155;213
11;155;217
12;155;204
13;155;204
14;155;217
15;155;217
16;155;217
17;155;217
18;155;206
19;155;217
20;155;217
21;155;187
1;156;0
2;156;140
3;156;140
4;156;124
5;156;0
6;156;0
7;156;206
8;156;0
9;156;0
10;156;206
11;156;223
12;156;223
13;156;223
14;156;196
15;156;262
16;156;262
17;156;206
18;156;206
19;156;206
20;156;223
21;156;223
1;157;0
2;157;140
3;157;140
4;157;124
5;157;0
6;157;0
7;157;206
8;157;0
9;157;0
10;157;206
11;157;223
12;157;223
13;157;223
14;157;196
15;157;262
16;157;262
17;157;206
18;157;206
19;157;206
20;157;223
21;157;223
1;158;0
2;158;111
3;158;106
4;158;92
5;158;111
6;158;0
7;158;0
8;158;0
9;158;0
10;158;0
11;158;0
12;158;0
13;158;0
14;158;0
15;158;0
16;158;0
17;158;0
18;158;0
19;158;0
20;158;0
21;158;0
1;159;0
2;159;98
3;159;98
4;159;98
5;159;98
6;159;0
7;159;0
8;159;0
9;159;0
10;159;0
11;159;0
12;159;0
13;159;0
14;159;0
15;159;0
16;159;0
17;159;0
18;159;0
19;159;0
20;159;0
21;159;0
1;160;0
2;160;98
3;160;98
4;160;98
5;160;98
6;160;0
7;160;0
8;160;0
9;160;0
10;160;0
11;160;0
12;160;0
13;160;0
14;160;0
15;160;0
16;160;0
17;160;0
18;160;0
19;160;0
20;160;0
21;160;0
1;161;0
2;161;98
3;161;98
4;161;98
5;161;98
6;161;0
7;161;0
8;161;0
9;161;0
10;161;0
11;161;0
12;161;0
13;161;0
14;161;0
15;161;0
16;161;0
17;161;0
18;161;0
19;161;0
20;161;0
21;161;0
1;162;0
2;162;155
3;162;0
4;162;98
5;162;206
6;162;0
7;162;0
8;162;0
9;162;0
10;162;0
11;162;158
12;162;199
13;162;199
14;162;199
15;162;199
16;162;204
17;162;204
18;162;204
19;162;219
20;162;219
21;162;0
1;163;0
2;163;140
3;163;0
4;163;135
5;163;0
6;163;0
7;163;0
8;163;0
9;163;0
10;163;0
11;163;196
12;163;179
13;163;171
14;163;190
15;163;153
16;163;179
17;163;179
18;163;179
19;163;179
20;163;179
21;163;179
1;164;0
2;164;94
3;164;102
4;164;94
5;164;94
6;164;94
7;164;0
8;164;0
9;164;0
10;164;0
11;164;0
12;164;0
13;164;0
14;164;0
15;164;0
16;164;0
17;164;0
18;164;0
19;164;0
20;164;0
21;164;104
1;165;0
2;165;86
3;165;86
4;165;86
5;165;0
6;165;0
7;165;0
8;165;0
9;165;0
10;165;0
11;165;0
12;165;0
13;165;0
14;165;0
15;165;0
16;165;0
17;165;0
18;165;0
19;165;0
20;165;0
21;165;0
1;166;0
2;166;0
3;166;0
4;166;0
5;166;87
6;166;98
7;166;0
8;166;0
9;166;0
10;166;0
11;166;0
12;166;0
13;166;0
14;166;0
15;166;0
16;166;0
17;166;0
18;166;0
19;166;0
20;166;0
21;166;0
1;167;0
2;167;0
3;167;0
4;167;0
5;167;87
6;167;98
7;167;0
8;167;0
9;167;0
10;167;0
11;167;0
12;167;0
13;167;0
14;167;0
15;167;0
16;167;0
17;167;0
18;167;0
19;167;0
20;167;0
21;167;0
1;168;0
2;168;0
3;168;0
4;168;87
5;168;87
6;168;0
7;168;0
8;168;0
9;168;0
10;168;0
11;168;0
12;168;0
13;168;0
14;168;0
15;168;0
16;168;0
17;168;0
18;168;0
19;168;0
20;168;0
21;168;0
1;169;0
2;169;0
3;169;0
4;169;87
5;169;87
6;169;0
7;169;0
8;169;0
9;169;0
10;169;0
11;169;0
12;169;0
13;169;0
14;169;0
15;169;0
16;169;0
17;169;0
18;169;0
19;169;0
20;169;0
21;169;0
1;170;0
2;170;68
3;170;68
4;170;68
5;170;68
6;170;0
7;170;0
8;170;0
9;170;0
10;170;0
11;170;0
12;170;0
13;170;0
14;170;0
15;170;0
16;170;0
17;170;0
18;170;0
19;170;0
20;170;0
21;170;0
1;171;0
2;171;0
3;171;63
4;171;96
5;171;63
6;171;0
7;171;163
8;171;0
9;171;0
10;171;0
11;171;196
12;171;196
13;171;196
14;171;0
15;171;0
16;171;188
17;171;188
18;171;188
19;171;163
20;171;109
21;171;0
1;172;0
2;172;0
3;172;63
4;172;96
5;172;63
6;172;0
7;172;163
8;172;0
9;172;0
10;172;0
11;172;196
12;172;196
13;172;196
14;172;0
15;172;0
16;172;188
17;172;188
18;172;188
19;172;163
20;172;109
21;172;0
1;173;0
2;173;0
3;173;63
4;173;96
5;173;63
6;173;0
7;173;163
8;173;0
9;173;0
10;173;0
11;173;196
12;173;196
13;173;196
14;173;0
15;173;0
16;173;188
17;173;188
18;173;188
19;173;163
20;173;109
21;173;0
1;174;0
2;174;111
3;174;92
4;174;92
5;174;0
6;174;0
7;174;0
8;174;0
9;174;0
10;174;0
11;174;0
12;174;0
13;174;0
14;174;0
15;174;0
16;174;0
17;174;0
18;174;0
19;174;0
20;174;0
21;174;206
1;175;0
2;175;111
3;175;92
4;175;92
5;175;0
6;175;0
7;175;0
8;175;0
9;175;0
10;175;0
11;175;0
12;175;0
13;175;0
14;175;0
15;175;0
16;175;0
17;175;0
18;175;0
19;175;0
20;175;0
21;175;206
1;176;0
2;176;111
3;176;92
4;176;92
5;176;0
6;176;0
7;176;0
8;176;0
9;176;0
10;176;0
11;176;0
12;176;0
13;176;0
14;176;0
15;176;0
16;176;0
17;176;0
18;176;0
19;176;0
20;176;0
21;176;206
1;177;0
2;177;0
3;177;0
4;177;0
5;177;92
6;177;0
7;177;0
8;177;0
9;177;0
10;177;0
11;177;0
12;177;0
13;177;0
14;177;0
15;177;0
16;177;0
17;177;0
18;177;0
19;177;0
20;177;0
21;177;0
1;178;0
2;178;0
3;178;92
4;178;92
5;178;92
6;178;0
7;178;0
8;178;0
9;178;163
10;178;172
11;178;172
12;178;188
13;178;193
14;178;193
15;178;157
16;178;175
17;178;179
18;178;179
19;178;179
20;178;179
21;178;0
1;179;0
2;179;0
3;179;92
4;179;92
5;179;92
6;179;0
7;179;0
8;179;0
9;179;163
10;179;172
11;179;172
12;179;188
13;179;193
14;179;193
15;179;157
16;179;175
17;179;179
18;179;179
19;179;179
20;179;179
21;179;0
1;180;0
2;180;89
3;180;89
4;180;89
5;180;89
6;180;0
7;180;0
8;180;0
9;180;0
10;180;0
11;180;0
12;180;0
13;180;0
14;180;0
15;180;0
16;180;0
17;180;0
18;180;0
19;180;0
20;180;0
21;180;0
1;181;0
2;181;82
3;181;82
4;181;82
5;181;82
6;181;106
7;181;165
8;181;0
9;181;0
10;181;0
11;181;0
12;181;0
13;181;0
14;181;0
15;181;0
16;181;0
17;181;0
18;181;0
19;181;0
20;181;0
21;181;101
1;182;0
2;182;82
3;182;82
4;182;82
5;182;82
6;182;106
7;182;165
8;182;0
9;182;0
10;182;0
11;182;0
12;182;0
13;182;0
14;182;0
15;182;0
16;182;0
17;182;0
18;182;0
19;182;0
20;182;0
21;182;101
1;183;0
2;183;83
3;183;0
4;183;77
5;183;77
6;183;77
7;183;0
8;183;0
9;183;0
10;183;0
11;183;0
12;183;0
13;183;0
14;183;0
15;183;0
16;183;0
17;183;0
18;183;0
19;183;0
20;183;0
21;183;0
1;184;0
2;184;0
3;184;89
4;184;89
5;184;0
6;184;0
7;184;0
8;184;0
9;184;0
10;184;0
11;184;0
12;184;0
13;184;0
14;184;0
15;184;0
16;184;0
17;184;0
18;184;0
19;184;0
20;184;0
21;184;0
1;185;0
2;185;0
3;185;89
4;185;89
5;185;0
6;185;0
7;185;0
8;185;0
9;185;0
10;185;0
11;185;0
12;185;0
13;185;0
14;185;0
15;185;0
16;185;0
17;185;0
18;185;0
19;185;0
20;185;0
21;185;0
1;186;0
2;186;0
3;186;74
4;186;89
5;186;89
6;186;0
7;186;0
8;186;0
9;186;0
10;186;0
11;186;0
12;186;0
13;186;0
14;186;0
15;186;0
16;186;0
17;186;0
18;186;0
19;186;0
20;186;0
21;186;0
1;187;0
2;187;0
3;187;74
4;187;89
5;187;89
6;187;0
7;187;0
8;187;0
9;187;0
10;187;0
11;187;0
12;187;0
13;187;0
14;187;0
15;187;0
16;187;0
17;187;0
18;187;0
19;187;0
20;187;0
21;187;0
1;188;0
2;188;0
3;188;0
4;188;0
5;188;89
6;188;0
7;188;0
8;188;0
9;188;0
10;188;0
11;188;0
12;188;0
13;188;0
14;188;0
15;188;0
16;188;0
17;188;0
18;188;0
19;188;0
20;188;0
21;188;0
1;189;0
2;189;0
3;189;0
4;189;58
5;189;58
6;189;0
7;189;0
8;189;0
9;189;0
10;189;0
11;189;0
12;189;0
13;189;0
14;189;0
15;189;0
16;189;0
17;189;0
18;189;0
19;189;0
20;189;0
21;189;0
1;190;0
2;190;84
3;190;84
4;190;84
5;190;84
6;190;0
7;190;0
8;190;0
9;190;0
10;190;0
11;190;0
12;190;188
13;190;0
14;190;0
15;190;188
16;190;0
17;190;0
18;190;0
19;190;0
20;190;0
21;190;0
1;191;0
2;191;83
3;191;0
4;191;83
5;191;83
6;191;0
7;191;0
8;191;0
9;191;0
10;191;0
11;191;0
12;191;0
13;191;0
14;191;0
15;191;0
16;191;0
17;191;0
18;191;0
19;191;0
20;191;0
21;191;0
1;192;0
2;192;83
3;192;74
4;192;0
5;192;0
6;192;0
7;192;0
8;192;0
9;192;0
10;192;0
11;192;0
12;192;0
13;192;0
14;192;0
15;192;0
16;192;0
17;192;0
18;192;0
19;192;0
20;192;0
21;192;0
1;193;0
2;193;78
3;193;68
4;193;78
5;193;78
6;193;0
7;193;0
8;193;0
9;193;0
10;193;0
11;193;0
12;193;0
13;193;0
14;193;0
15;193;0
16;193;0
17;193;0
18;193;0
19;193;0
20;193;0
21;193;0
1;194;0
2;194;87
3;194;88
4;194;0
5;194;67
6;194;0
7;194;0
8;194;0
9;194;0
10;194;0
11;194;0
12;194;0
13;194;0
14;194;0
15;194;0
16;194;0
17;194;0
18;194;0
19;194;0
20;194;0
21;194;0
1;195;0
2;195;87
3;195;88
4;195;0
5;195;67
6;195;0
7;195;0
8;195;0
9;195;0
10;195;0
11;195;0
12;195;0
13;195;0
14;195;0
15;195;0
16;195;0
17;195;0
18;195;0
19;195;0
20;195;0
21;195;0
1;196;0
2;196;87
3;196;88
4;196;0
5;196;67
6;196;0
7;196;0
8;196;0
9;196;0
10;196;0
11;196;0
12;196;0
13;196;0
14;196;0
15;196;0
16;196;0
17;196;0
18;196;0
19;196;0
20;196;0
21;196;0
1;197;0
2;197;109
3;197;104
4;197;0
5;197;78
6;197;0
7;197;0
8;197;0
9;197;0
10;197;0
11;197;0
12;197;0
13;197;0
14;197;0
15;197;0
16;197;0
17;197;0
18;197;0
19;197;0
20;197;0
21;197;0
1;198;0
2;198;109
3;198;104
4;198;0
5;198;78
6;198;0
7;198;0
8;198;0
9;198;0
10;198;0
11;198;0
12;198;0
13;198;0
14;198;0
15;198;0
16;198;0
17;198;0
18;198;0
19;198;0
20;198;0
21;198;0
1;199;0
2;199;109
3;199;104
4;199;0
5;199;78
6;199;0
7;199;0
8;199;0
9;199;0
10;199;0
11;199;0
12;199;0
13;199;0
14;199;0
15;199;0
16;199;0
17;199;0
18;199;0
19;199;0
20;199;0
21;199;0
1;200;0
2;200;98
3;200;0
4;200;0
5;200;77
6;200;0
7;200;0
8;200;0
9;200;0
10;200;0
11;200;0
12;200;0
13;200;0
14;200;0
15;200;0
16;200;0
17;200;0
18;200;0
19;200;0
20;200;0
21;200;0
1;201;0
2;201;113
3;201;0
4;201;82
5;201;0
6;201;0
7;201;0
8;201;0
9;201;0
10;201;0
11;201;0
12;201;0
13;201;0
14;201;0
15;201;0
16;201;0
17;201;0
18;201;0
19;201;0
20;201;0
21;201;0
1;202;0
2;202;113
3;202;0
4;202;82
5;202;0
6;202;0
7;202;0
8;202;0
9;202;0
10;202;0
11;202;0
12;202;0
13;202;0
14;202;0
15;202;0
16;202;0
17;202;0
18;202;0
19;202;0
20;202;0
21;202;0
1;203;0
2;203;113
3;203;0
4;203;82
5;203;0
6;203;0
7;203;0
8;203;0
9;203;0
10;203;0
11;203;0
12;203;0
13;203;0
14;203;0
15;203;0
16;203;0
17;203;0
18;203;0
19;203;0
20;203;0
21;203;0
1;204;0
2;204;0
3;204;72
4;204;0
5;204;0
6;204;0
7;204;0
8;204;0
9;204;0
10;204;0
11;204;0
12;204;0
13;204;0
14;204;0
15;204;0
16;204;0
17;204;0
18;204;0
19;204;0
20;204;0
21;204;109
1;205;0
2;205;0
3;205;72
4;205;0
5;205;0
6;205;0
7;205;0
8;205;0
9;205;0
10;205;0
11;205;0
12;205;0
13;205;0
14;205;0
15;205;0
16;205;0
17;205;0
18;205;0
19;205;0
20;205;0
21;205;109
1;206;0
2;206;70
3;206;0
4;206;70
5;206;70
6;206;0
7;206;0
8;206;0
9;206;0
10;206;0
11;206;0
12;206;0
13;206;0
14;206;0
15;206;0
16;206;0
17;206;0
18;206;0
19;206;0
20;206;0
21;206;91
1;207;0
2;207;0
3;207;0
4;207;67
5;207;67
6;207;0
7;207;0
8;207;0
9;207;0
10;207;0
11;207;0
12;207;0
13;207;0
14;207;0
15;207;0
16;207;0
17;207;0
18;207;0
19;207;0
20;207;0
21;207;0
1;208;0
2;208;84
3;208;84
4;208;84
5;208;84
6;208;0
7;208;0
8;208;0
9;208;0
10;208;0
11;208;0
12;208;0
13;208;0
14;208;0
15;208;0
16;208;0
17;208;0
18;208;0
19;208;0
20;208;0
21;208;0
1;209;0
2;209;188
3;209;0
4;209;167
5;209;167
6;209;0
7;209;0
8;209;0
9;209;0
10;209;175
11;209;0
12;209;188
13;209;188
14;209;175
15;209;175
16;209;193
17;209;196
18;209;175
19;209;175
20;209;175
21;209;175
1;210;0
2;210;106
3;210;0
4;210;217
5;210;148
6;210;0
7;210;0
8;210;0
9;210;0
10;210;0
11;210;0
12;210;0
13;210;0
14;210;0
15;210;0
16;210;0
17;210;0
18;210;0
19;210;0
20;210;0
21;210;0
1;211;0
2;211;100
3;211;140
4;211;111
5;211;111
6;211;111
7;211;0
8;211;0
9;211;175
10;211;0
11;211;175
12;211;175
13;211;175
14;211;175
15;211;175
16;211;175
17;211;175
18;211;175
19;211;0
20;211;175
21;211;0
1;212;0
2;212;100
3;212;140
4;212;111
5;212;111
6;212;111
7;212;0
8;212;0
9;212;175
10;212;0
11;212;175
12;212;175
13;212;175
14;212;175
15;212;175
16;212;175
17;212;175
18;212;175
19;212;0
20;212;175
21;212;0
1;213;0
2;213;100
3;213;140
4;213;111
5;213;111
6;213;111
7;213;0
8;213;0
9;213;175
10;213;0
11;213;175
12;213;175
13;213;175
14;213;175
15;213;175
16;213;175
17;213;175
18;213;175
19;213;0
20;213;175
21;213;0
1;214;0
2;214;100
3;214;140
4;214;111
5;214;111
6;214;111
7;214;0
8;214;0
9;214;175
10;214;0
11;214;175
12;214;175
13;214;175
14;214;175
15;214;175
16;214;175
17;214;175
18;214;175
19;214;0
20;214;175
21;214;0
1;215;0
2;215;140
3;215;140
4;215;124
5;215;0
6;215;0
7;215;169
8;215;169
9;215;187
10;215;187
11;215;187
12;215;187
13;215;187
14;215;177
15;215;190
16;215;158
17;215;180
18;215;180
19;215;177
20;215;177
21;215;177
1;216;0
2;216;140
3;216;140
4;216;124
5;216;0
6;216;0
7;216;169
8;216;169
9;216;187
10;216;187
11;216;187
12;216;187
13;216;187
14;216;177
15;216;190
16;216;158
17;216;180
18;216;180
19;216;177
20;216;177
21;216;177
1;217;0
2;217;140
3;217;140
4;217;124
5;217;0
6;217;0
7;217;169
8;217;169
9;217;187
10;217;187
11;217;187
12;217;187
13;217;187
14;217;177
15;217;190
16;217;158
17;217;180
18;217;180
19;217;177
20;217;177
21;217;177
1;218;0
2;218;140
3;218;140
4;218;124
5;218;0
6;218;0
7;218;181
8;218;213
9;218;181
10;218;223
11;218;181
12;218;181
13;218;181
14;218;181
15;218;181
16;218;181
17;218;181
18;218;209
19;218;169
20;218;188
21;218;169
1;219;0
2;219;140
3;219;140
4;219;124
5;219;0
6;219;0
7;219;181
8;219;213
9;219;181
10;219;223
11;219;181
12;219;181
13;219;181
14;219;181
15;219;181
16;219;181
17;219;181
18;219;209
19;219;169
20;219;188
21;219;169
1;220;0
2;220;140
3;220;140
4;220;124
5;220;0
6;220;0
7;220;181
8;220;213
9;220;181
10;220;223
11;220;181
12;220;181
13;220;181
14;220;181
15;220;181
16;220;181
17;220;181
18;220;209
19;220;169
20;220;188
21;220;169
1;221;1
2;221;119
3;221;119
4;221;126
5;221;0
6;221;126
7;221;223
8;221;204
9;221;223
10;221;0
11;221;0
12;221;197
13;221;204
14;221;0
15;221;0
16;221;0
17;221;0
18;221;209
19;221;0
20;221;0
21;221;0
1;222;0
2;222;119
3;222;119
4;222;126
5;222;0
6;222;126
7;222;223
8;222;204
9;222;223
10;222;0
11;222;0
12;222;197
13;222;204
14;222;0
15;222;0
16;222;0
17;222;0
18;222;209
19;222;0
20;222;0
21;222;0
1;223;0
2;223;0
3;223;0
4;223;117
5;223;0
6;223;126
7;223;199
8;223;199
9;223;199
10;223;0
11;223;0
12;223;187
13;223;187
14;223;0
15;223;0
16;223;0
17;223;0
18;223;172
19;223;0
20;223;0
21;223;0
1;224;0
2;224;0
3;224;0
4;224;117
5;224;0
6;224;126
7;224;199
8;224;199
9;224;199
10;224;0
11;224;0
12;224;187
13;224;187
14;224;0
15;224;0
16;224;0
17;224;0
18;224;172
19;224;0
20;224;0
21;224;0
1;225;0
2;225;78
3;225;0
4;225;69
5;225;0
6;225;0
7;225;181
8;225;181
9;225;181
10;225;0
11;225;0
12;225;181
13;225;181
14;225;0
15;225;0
16;225;0
17;225;0
18;225;181
19;225;0
20;225;0
21;225;0
1;226;0
2;226;56
3;226;56
4;226;0
5;226;65
6;226;74
7;226;0
8;226;0
9;226;0
10;226;0
11;226;0
12;226;0
13;226;0
14;226;0
15;226;0
16;226;0
17;226;0
18;226;0
19;226;0
20;226;0
21;226;0
1;227;0
2;227;91
3;227;91
4;227;91
5;227;91
6;227;91
7;227;153
8;227;153
9;227;153
10;227;0
11;227;0
12;227;153
13;227;153
14;227;0
15;227;0
16;227;0
17;227;0
18;227;153
19;227;0
20;227;0
21;227;114
1;228;0
2;228;91
3;228;91
4;228;91
5;228;91
6;228;91
7;228;153
8;228;153
9;228;153
10;228;0
11;228;0
12;228;153
13;228;153
14;228;0
15;228;0
16;228;0
17;228;0
18;228;153
19;228;0
20;228;0
21;228;114
1;229;0
2;229;91
3;229;91
4;229;91
5;229;91
6;229;91
7;229;153
8;229;153
9;229;153
10;229;0
11;229;0
12;229;153
13;229;153
14;229;0
15;229;0
16;229;0
17;229;0
18;229;153
19;229;0
20;229;0
21;229;114
1;230;0
2;230;114
3;230;114
4;230;114
5;230;114
6;230;114
7;230;153
8;230;188
9;230;0
10;230;0
11;230;0
12;230;188
13;230;188
14;230;0
15;230;0
16;230;0
17;230;0
18;230;188
19;230;0
20;230;0
21;230;114
1;231;0
2;231;114
3;231;114
4;231;114
5;231;114
6;231;114
7;231;153
8;231;188
9;231;0
10;231;0
11;231;0
12;231;188
13;231;188
14;231;0
15;231;0
16;231;0
17;231;0
18;231;188
19;231;0
20;231;0
21;231;114
1;232;0
2;232;114
3;232;114
4;232;114
5;232;114
6;232;114
7;232;153
8;232;188
9;232;0
10;232;0
11;232;0
12;232;188
13;232;188
14;232;0
15;232;0
16;232;0
17;232;0
18;232;188
19;232;0
20;232;0
21;232;114
1;233;0
2;233;98
3;233;98
4;233;98
5;233;98
6;233;98
7;233;0
8;233;0
9;233;0
10;233;0
11;233;0
12;233;0
13;233;0
14;233;0
15;233;0
16;233;0
17;233;0
18;233;0
19;233;0
20;233;0
21;233;0
1;234;0
2;234;119
3;234;119
4;234;119
5;234;119
6;234;119
7;234;0
8;234;0
9;234;0
10;234;0
11;234;0
12;234;0
13;234;0
14;234;0
15;234;0
16;234;0
17;234;0
18;234;0
19;234;0
20;234;0
21;234;0
1;235;0
2;235;0
3;235;0
4;235;0
5;235;0
6;235;0
7;235;0
8;235;0
9;235;0
10;235;0
11;235;0
12;235;0
13;235;0
14;235;0
15;235;0
16;235;0
17;235;0
18;235;0
19;235;0
20;235;0
21;235;0
1;236;0
2;236;0
3;236;0
4;236;0
5;236;0
6;236;0
7;236;0
8;236;0
9;236;0
10;236;0
11;236;0
12;236;0
13;236;0
14;236;0
15;236;0
16;236;0
17;236;0
18;236;0
19;236;0
20;236;0
21;236;0
1;237;0
2;237;0
3;237;188
4;237;167
5;237;167
6;237;0
7;237;0
8;237;0
9;237;0
10;237;0
11;237;0
12;237;245
13;237;288
14;237;0
15;237;288
16;237;288
17;237;0
18;237;0
19;237;0
20;237;0
21;237;0
1;238;0
2;238;140
3;238;204
4;238;181
5;238;181
6;238;0
7;238;0
8;238;0
9;238;0
10;238;269
11;238;233
12;238;233
13;238;217
14;238;255
15;238;255
16;238;245
17;238;0
18;238;255
19;238;269
20;238;0
21;238;204
1;239;0
2;239;0
3;239;0
4;239;0
5;239;0
6;239;0
7;239;0
8;239;0
9;239;233
10;239;0
11;239;0
12;239;245
13;239;245
14;239;245
15;239;245
16;239;245
17;239;245
18;239;245
19;239;245
20;239;0
21;239;245
1;240;0
2;240;272
3;240;204
4;240;181
5;240;0
6;240;0
7;240;0
8;240;0
9;240;0
10;240;258
11;240;0
12;240;0
13;240;0
14;240;0
15;240;0
16;240;0
17;240;0
18;240;0
19;240;0
20;240;0
21;240;0
1;241;0
2;241;0
3;241;122
4;241;122
5;241;0
6;241;122
7;241;0
8;241;0
9;241;0
10;241;0
11;241;0
12;241;0
13;241;0
14;241;0
15;241;0
16;241;0
17;241;0
18;241;0
19;241;0
20;241;0
21;241;0
1;242;0
2;242;272
3;242;0
4;242;157
5;242;132
6;242;0
7;242;0
8;242;0
9;242;0
10;242;0
11;242;0
12;242;0
13;242;0
14;242;0
15;242;0
16;242;0
17;242;0
18;242;0
19;242;0
20;242;0
21;242;0
1;243;0
2;243;0
3;243;0
4;243;157
5;243;0
6;243;0
7;243;0
8;243;0
9;243;0
10;243;0
11;243;0
12;243;281
13;243;281
14;243;281
15;243;0
16;243;0
17;243;0
18;243;0
19;243;0
20;243;0
21;243;0
1;244;0
2;244;0
3;244;204
4;244;155
5;244;155
6;244;0
7;244;0
8;244;0
9;244;0
10;244;0
11;244;0
12;244;219
13;244;219
14;244;281
15;244;0
16;244;0
17;244;0
18;244;0
19;244;0
20;244;0
21;244;0
1;245;0
2;245;132
3;245;132
4;245;132
5;245;0
6;245;0
7;245;0
8;245;0
9;245;0
10;245;0
11;245;0
12;245;0
13;245;0
14;245;0
15;245;0
16;245;0
17;245;0
18;245;0
19;245;0
20;245;0
21;245;0
1;246;0
2;246;122
3;246;122
4;246;122
5;246;122
6;246;122
7;246;0
8;246;0
9;246;0
10;246;0
11;246;213
12;246;217
13;246;223
14;246;213
15;246;213
16;246;213
17;246;213
18;246;213
19;246;213
20;246;213
21;246;181
1;247;0
2;247;114
3;247;0
4;247;0
5;247;0
6;247;0
7;247;0
8;247;0
9;247;0
10;247;0
11;247;0
12;247;0
13;247;169
14;247;0
15;247;0
16;247;0
17;247;0
18;247;0
19;247;0
20;247;169
21;247;169
1;248;0
2;248;96
3;248;102
4;248;90
5;248;90
6;248;0
7;248;0
8;248;0
9;248;0
10;248;0
11;248;0
12;248;0
13;248;0
14;248;0
15;248;0
16;248;0
17;248;0
18;248;0
19;248;0
20;248;0
21;248;0
1;249;0
2;249;0
3;249;0
4;249;0
5;249;38
6;249;38
7;249;0
8;249;0
9;249;0
10;249;0
11;249;0
12;249;0
13;249;0
14;249;0
15;249;0
16;249;0
17;249;0
18;249;0
19;249;0
20;249;0
21;249;0
1;250;0
2;250;0
3;250;0
4;250;0
5;250;51
6;250;72
7;250;0
8;250;0
9;250;0
10;250;0
11;250;0
12;250;0
13;250;0
14;250;0
15;250;0
16;250;0
17;250;0
18;250;0
19;250;0
20;250;0
21;250;0
1;251;0
2;251;0
3;251;0
4;251;0
5;251;51
6;251;72
7;251;0
8;251;0
9;251;0
10;251;0
11;251;0
12;251;0
13;251;0
14;251;0
15;251;0
16;251;0
17;251;0
18;251;0
19;251;0
20;251;0
21;251;0
1;252;0
2;252;0
3;252;0
4;252;0
5;252;50
6;252;66
7;252;0
8;252;0
9;252;0
10;252;0
11;252;0
12;252;0
13;252;0
14;252;0
15;252;0
16;252;0
17;252;0
18;252;0
19;252;0
20;252;0
21;252;0
1;253;0
2;253;0
3;253;0
4;253;0
5;253;50
6;253;66
7;253;0
8;253;0
9;253;0
10;253;0
11;253;0
12;253;0
13;253;0
14;253;0
15;253;0
16;253;0
17;253;0
18;253;0
19;253;0
20;253;0
21;253;0
1;254;0
2;254;0
3;254;100
4;254;100
5;254;100
6;254;100
7;254;0
8;254;213
9;254;0
10;254;0
11;254;221
12;254;0
13;254;0
14;254;221
15;254;221
16;254;221
17;254;221
18;254;0
19;254;221
20;254;213
21;254;0
1;255;0
2;255;0
3;255;0
4;255;0
5;255;0
6;255;0
7;255;0
8;255;0
9;255;213
10;255;0
11;255;0
12;255;0
13;255;0
14;255;0
15;255;0
16;255;0
17;255;0
18;255;0
19;255;0
20;255;221
21;255;0
1;256;0
2;256;92
3;256;89
4;256;89
5;256;89
6;256;89
7;256;0
8;256;0
9;256;0
10;256;0
11;256;0
12;256;0
13;256;0
14;256;0
15;256;0
16;256;0
17;256;0
18;256;0
19;256;0
20;256;0
21;256;0
1;257;0
2;257;95
3;257;0
4;257;0
5;257;57
6;257;0
7;257;0
8;257;0
9;257;0
10;257;0
11;257;0
12;257;0
13;257;0
14;257;0
15;257;0
16;257;0
17;257;0
18;257;0
19;257;0
20;257;0
21;257;0
1;258;0
2;258;0
3;258;0
4;258;0
5;258;70
6;258;70
7;258;0
8;258;0
9;258;0
10;258;0
11;258;0
12;258;0
13;258;0
14;258;0
15;258;0
16;258;0
17;258;0
18;258;0
19;258;0
20;258;0
21;258;0
1;259;0
2;259;117
3;259;117
4;259;117
5;259;117
6;259;0
7;259;0
8;259;0
9;259;0
10;259;0
11;259;0
12;259;0
13;259;0
14;259;0
15;259;0
16;259;0
17;259;0
18;259;0
19;259;0
20;259;0
21;259;0
1;260;0
2;260;129
3;260;129
4;260;117
5;260;117
6;260;117
7;260;0
8;260;0
9;260;0
10;260;0
11;260;0
12;260;0
13;260;0
14;260;0
15;260;0
16;260;0
17;260;0
18;260;0
19;260;0
20;260;0
21;260;132
1;261;0
2;261;129
3;261;129
4;261;117
5;261;117
6;261;117
7;261;0
8;261;0
9;261;0
10;261;0
11;261;0
12;261;0
13;261;0
14;261;0
15;261;0
16;261;0
17;261;0
18;261;0
19;261;0
20;261;0
21;261;132
1;262;0
2;262;245
3;262;245
4;262;0
5;262;0
6;262;0
7;262;0
8;262;0
9;262;0
10;262;0
11;262;0
12;262;0
13;262;0
14;262;0
15;262;0
16;262;0
17;262;0
18;262;0
19;262;0
20;262;0
21;262;0
1;263;0
2;263;140
3;263;0
4;263;153
5;263;124
6;263;0
7;263;0
8;263;0
9;263;0
10;263;295
11;263;0
12;263;217
13;263;217
14;263;0
15;263;0
16;263;0
17;263;0
18;263;0
19;263;217
20;263;0
21;263;217
1;264;0
2;264;0
3;264;0
4;264;0
5;264;0
6;264;0
7;264;0
8;264;0
9;264;0
10;264;0
11;264;0
12;264;0
13;264;0
14;264;0
15;264;0
16;264;0
17;264;0
18;264;0
19;264;0
20;264;0
21;264;0
1;265;0
2;265;0
3;265;0
4;265;140
5;265;0
6;265;0
7;265;275
8;265;0
9;265;0
10;265;0
11;265;278
12;265;245
13;265;245
14;265;245
15;265;245
16;265;245
17;265;245
18;265;278
19;265;272
20;265;272
21;265;272
1;266;0
2;266;91
3;266;91
4;266;91
5;266;91
6;266;91
7;266;201
8;266;0
9;266;201
10;266;213
11;266;191
12;266;181
13;266;181
14;266;0
15;266;191
16;266;191
17;266;191
18;266;191
19;266;201
20;266;191
21;266;191
1;267;0
2;267;91
3;267;91
4;267;91
5;267;91
6;267;91
7;267;201
8;267;0
9;267;201
10;267;213
11;267;191
12;267;181
13;267;181
14;267;0
15;267;191
16;267;191
17;267;191
18;267;191
19;267;201
20;267;191
21;267;191
1;268;0
2;268;144
3;268;144
4;268;0
5;268;127
6;268;0
7;268;0
8;268;0
9;268;0
10;268;0
11;268;217
12;268;204
13;268;204
14;268;204
15;268;217
16;268;217
17;268;204
18;268;0
19;268;217
20;268;204
21;268;204
1;269;0
2;269;144
3;269;144
4;269;0
5;269;127
6;269;0
7;269;0
8;269;0
9;269;0
10;269;0
11;269;217
12;269;204
13;269;204
14;269;204
15;269;217
16;269;217
17;269;204
18;269;0
19;269;217
20;269;204
21;269;204
1;270;0
2;270;144
3;270;144
4;270;127
5;270;127
6;270;0
7;270;151
8;270;158
9;270;169
10;270;0
11;270;0
12;270;163
13;270;163
14;270;0
15;270;0
16;270;0
17;270;0
18;270;0
19;270;0
20;270;163
21;270;100
1;271;0
2;271;0
3;271;0
4;271;0
5;271;0
6;271;0
7;271;233
8;271;0
9;271;233
10;271;233
11;271;233
12;271;233
13;271;233
14;271;233
15;271;233
16;271;233
17;271;233
18;271;233
19;271;233
20;271;233
21;271;0
1;272;0
2;272;0
3;272;0
4;272;0
5;272;0
6;272;0
7;272;233
8;272;0
9;272;233
10;272;233
11;272;233
12;272;233
13;272;233
14;272;233
15;272;233
16;272;233
17;272;233
18;272;233
19;272;233
20;272;233
21;272;0
